{
    "train_losses": {
        "total": [
            0.25656030959476067,
            0.22375740380536374,
            0.21417415455641262,
            0.20855821381755388,
            0.20449895888744643,
            0.2015878299945695,
            0.1991007420721526,
            0.1971064971185804,
            0.19548440698375674,
            0.1940574568094603,
            0.19277430990354266,
            0.191507908140986,
            0.1905341692346061,
            0.18952021817567755,
            0.18864699545023117,
            0.18775177755977784,
            0.18698966588284502,
            0.186193550008461,
            0.18546428016368452,
            0.18486444804014596,
            0.1842488258514999,
            0.18364875575107031,
            0.18309254374613282,
            0.18249929831650732,
            0.1819522067130688,
            0.18138012994169617,
            0.18084731399689177
        ],
        "i1": [
            0.0956614882003824,
            0.0834944273579923,
            0.08002173878976476,
            0.07802527161397692,
            0.07661186059318767,
            0.0755518849284048,
            0.07468492733922785,
            0.07396881916550477,
            0.07338204268400969,
            0.07288394179274038,
            0.07242687293399953,
            0.07196722385260385,
            0.071607226390057,
            0.07125168686895793,
            0.0709308115084655,
            0.07060559173219416,
            0.07032150825091638,
            0.0700295802047225,
            0.06975921485029246,
            0.06954667921312334,
            0.06932326092243407,
            0.06909753538747859,
            0.0688949379659417,
            0.06868685879675057,
            0.06847065018648948,
            0.0682713596112088,
            0.06807106628047616
        ],
        "i2": [
            0.16100455189909574,
            0.14071375079052814,
            0.1346570979384529,
            0.13108521003250373,
            0.12848043397686676,
            0.1266259755117307,
            0.12502253399292185,
            0.12375270973883548,
            0.12272509483855898,
            0.12180371474120155,
            0.12099013017776523,
            0.12017521200606532,
            0.11955594949105454,
            0.11890872397070038,
            0.11835647259652282,
            0.11778620473504173,
            0.11730626019405739,
            0.11679660100120398,
            0.11632903156325085,
            0.11595705322670544,
            0.1155655715082788,
            0.1151801974867357,
            0.11482643813363078,
            0.11445033572928023,
            0.11410995229002706,
            0.11374132306418162,
            0.11340400318967783
        ],
        "i3": [
            0.09545002750021221,
            0.08259287866358406,
            0.07901237443328595,
            0.07692073611926568,
            0.07542518914453246,
            0.07437182381954223,
            0.07347148884517865,
            0.07273875552154654,
            0.07213658135606826,
            0.07162354254573318,
            0.07114148650759242,
            0.07069816846041005,
            0.07034921286354086,
            0.06997130152854279,
            0.06965023368181496,
            0.06932555372383199,
            0.06904530315322654,
            0.06876431787372007,
            0.0685112822891371,
            0.06826811062090277,
            0.06804324783665422,
            0.06783958148885397,
            0.06763727315860328,
            0.06741106640925273,
            0.06721385895495216,
            0.06700625436777775,
            0.0668155553360273
        ]
    },
    "test_metrics": {
        "i1": {
            "ssim_mean": 0.7675966366838056,
            "ssim_std": 0.0506111904577435,
            "psnr_mean": 27.908622061035445,
            "psnr_std": 2.2663558973785247
        },
        "i2": {
            "ssim_mean": 0.6352666684035214,
            "ssim_std": 0.07379410135938891,
            "psnr_mean": 24.985630229091203,
            "psnr_std": 2.420679708519661
        },
        "i3": {
            "ssim_mean": 0.7697921129309275,
            "ssim_std": 0.04934769103650956,
            "psnr_mean": 28.00534416383037,
            "psnr_std": 2.2729369019163936
        },
        "average": {
            "ssim": 0.7242184726727515,
            "psnr": 26.966532151319004
        }
    },
    "config": {
        "epochs": 27,
        "batch_size": 4,
        "learning_rate": 0.0005,
        "loss_weights": {
            "w_i1": 0.5,
            "w_i2": 1.0,
            "w_i3": 0.5
        },
        "architecture": "Progressive UNet (3-stage)",
        "stages": {
            "stage1": "UNet(i, i+4) -> i+2",
            "stage2a": "UNet(i, i+2_gen) -> i+1",
            "stage2b": "UNet(i+2_gen, i+4) -> i+3"
        }
    },
    "timestamp": "2025-11-21T11:39:44.547078"
}