{
    "train_losses": {
        "g": [
            0.10890661194803086,
            0.09673712415775353,
            0.09325408655563852,
            0.09137015791582458,
            0.09003304298996691,
            0.08897493183712742,
            0.08812921540197369,
            0.0874622458200238,
            0.08684929653708963,
            0.08633006694293585,
            0.08583463535587171,
            0.08543400123572253
        ],
        "d": [
            0.07725424225598564,
            0.03499072035079499,
            0.029552748540511663,
            0.024323487184423117,
            0.02296870092186746,
            0.02172024364745012,
            0.01960960769120583,
            0.018500175257843633,
            0.016972092646929695,
            0.015933889791152935,
            0.015362566730041658,
            0.015219521678914796
        ],
        "l1": [
            0.08079484774771321,
            0.06916229207541964,
            0.06593272007220409,
            0.06414550721479778,
            0.0629085457369761,
            0.06193408921233626,
            0.06114146678118012,
            0.060519716720804806,
            0.05993385960397043,
            0.059453627808577526,
            0.058994764470473825,
            0.05863173153894552
        ],
        "perc": [
            0.1884402590531833,
            0.1795965851469054,
            0.17672424280941665,
            0.1751668410472267,
            0.1740284090365863,
            0.17311540021297478,
            0.1723596123221264,
            0.17175248252542236,
            0.171282579442607,
            0.17079979203067602,
            0.1703738543463984,
            0.16997665107026724
        ],
        "adv": [
            0.9267738139044331,
            0.9615173345070682,
            0.9648941954317718,
            0.9707966336260814,
            0.9721656097507203,
            0.9729302325803847,
            0.9751787094113574,
            0.9767280546997444,
            0.9787178726001765,
            0.9796459659134716,
            0.9802485134558897,
            0.9804604390274051
        ]
    },
    "val_losses": {
        "g_loss": 0.0981808374793457,
        "d_loss": 0.5531359384127265,
        "l1_loss": 0.07588539691555185,
        "perc_loss": 0.1802551354547903,
        "adv_loss": 0.42699269228231757
    },
    "test_loss": 0.07380362483780022,
    "best_val_loss": 0.0981808374793457,
    "epochs_trained": 12,
    "metrics": {
        "ssim_mean": 0.7538667361638269,
        "ssim_std": 0.14306876402980936,
        "psnr_mean": 28.393121957492298,
        "psnr_std": 4.368236252050509
    },
    "config": {
        "batch_size": 4,
        "learning_rate_g": 0.0002,
        "learning_rate_d": 0.0002,
        "early_stopping_patience": 5,
        "augmentation": true,
        "generator": "UNet with skip connections",
        "discriminator": "PatchGAN",
        "gan_type": "Least Squares GAN (LSGAN)",
        "loss_weights": {
            "lambda_l1": 1.0,
            "lambda_perceptual": 0.1,
            "lambda_adversarial": 0.01
        }
    },
    "timestamp": "2025-11-21T12:40:03.769897"
}